Serial no.,area_mean,area_se,area_worst,perimeter_mean,perimeter_se,perimeter_worst,radius_mean,radius_se,radius_worst,smoothness_mean,smoothness_worst,snake_refined_count
64.24.b7,478.76062499999995,0.0,478.76062499999995,88.15363587141037,0.0,88.15363587141037,12.344806197467438,0.0,12.344806197467438,0.10170432111924722,0.10170432111924722,1
