,Serial no.,area_mean,area_se,area_worst,perimeter_mean,perimeter_se,perimeter_worst,radius_mean,radius_se,radius_worst,smoothness_mean,smoothness_worst,snake_refined_count
0,ashutosh_64.24.b7,437.1520166015625,15.816269737711451,525.582421875,83.90625975513831,1.6472645801586518,94.37448800057173,11.766571886580675,0.2156532227732371,12.934375937293314,0.08306205383336092,0.13730825603429658,15
